{"C": 1000000.0, "N0": 1e-09, "PK": 0.4822683915208253, "f": 332490991.53810287, "CpuCycle": 10000000.0, "D": 500, "X": 1e-28, "B": 4000000.0, "gk": 0.0014583299779813525, "id": 0}
{"C": 1000000.0, "N0": 1e-09, "PK": 0.8187039533166229, "f": 352351514.29598564, "CpuCycle": 10000000.0, "D": 500, "X": 1e-28, "B": 4000000.0, "gk": 0.0010603118109489779, "id": 1}
{"C": 1000000.0, "N0": 1e-09, "PK": 0.8230378211793601, "f": 407890144.9667485, "CpuCycle": 10000000.0, "D": 500, "X": 1e-28, "B": 4000000.0, "gk": 0.0003344574968461863, "id": 2}
{"C": 1000000.0, "N0": 1e-09, "PK": 0.9097529106277096, "f": 480093437.7335377, "CpuCycle": 10000000.0, "D": 500, "X": 1e-28, "B": 4000000.0, "gk": 0.002782958637242035, "id": 3}
{"C": 1000000.0, "N0": 1e-09, "PK": 0.710875752352736, "f": 345366967.08631074, "CpuCycle": 10000000.0, "D": 500, "X": 1e-28, "B": 4000000.0, "gk": 0.0005595896378022665, "id": 4}
{"C": 1000000.0, "N0": 1e-09, "PK": 0.7518079550698988, "f": 408532763.91757107, "CpuCycle": 10000000.0, "D": 500, "X": 1e-28, "B": 4000000.0, "gk": 0.0010416933609674645, "id": 5}
{"C": 1000000.0, "N0": 1e-09, "PK": 0.33857944047978467, "f": 464763880.71117824, "CpuCycle": 10000000.0, "D": 500, "X": 1e-28, "B": 4000000.0, "gk": 0.0008143882080704982, "id": 6}
{"C": 1000000.0, "N0": 1e-09, "PK": 0.5304917175615966, "f": 468543840.10872006, "CpuCycle": 10000000.0, "D": 500, "X": 1e-28, "B": 4000000.0, "gk": 0.0003492729507318103, "id": 7}
{"C": 1000000.0, "N0": 1e-09, "PK": 0.8370318253903841, "f": 300883054.22856444, "CpuCycle": 10000000.0, "D": 500, "X": 1e-28, "B": 4000000.0, "gk": 0.0013492688486535635, "id": 8}
{"C": 1000000.0, "N0": 1e-09, "PK": 0.7458654149626094, "f": 334937464.2311385, "CpuCycle": 10000000.0, "D": 500, "X": 1e-28, "B": 4000000.0, "gk": 0.0009683201887175757, "id": 9}
{"C": 1000000.0, "N0": 1e-09, "PK": 0.6269755125600067, "f": 460188896.0178929, "CpuCycle": 10000000.0, "D": 500, "X": 1e-28, "B": 4000000.0, "gk": 0.001302009301409333, "id": 10}
{"C": 1000000.0, "N0": 1e-09, "PK": 0.49128817680915615, "f": 431797459.43966967, "CpuCycle": 10000000.0, "D": 500, "X": 1e-28, "B": 4000000.0, "gk": 0.0017362208313970958, "id": 11}
{"C": 1000000.0, "N0": 1e-09, "PK": 0.631696082038087, "f": 323431625.70707, "CpuCycle": 10000000.0, "D": 500, "X": 1e-28, "B": 4000000.0, "gk": 0.0019063261089395768, "id": 12}
{"C": 1000000.0, "N0": 1e-09, "PK": 0.9241294729726341, "f": 319827720.7024369, "CpuCycle": 10000000.0, "D": 500, "X": 1e-28, "B": 4000000.0, "gk": 0.000637895316639626, "id": 13}
{"C": 1000000.0, "N0": 1e-09, "PK": 0.8585867885794871, "f": 314228611.9066326, "CpuCycle": 10000000.0, "D": 500, "X": 1e-28, "B": 4000000.0, "gk": 0.001690043262091551, "id": 14}
{"C": 1000000.0, "N0": 1e-09, "PK": 0.20257918475464998, "f": 317151510.2379277, "CpuCycle": 10000000.0, "D": 500, "X": 1e-28, "B": 4000000.0, "gk": 0.0008357397053051881, "id": 15}
{"C": 1000000.0, "N0": 1e-09, "PK": 0.4928721775085345, "f": 324499263.57641023, "CpuCycle": 10000000.0, "D": 500, "X": 1e-28, "B": 4000000.0, "gk": 0.0015911784476594516, "id": 16}
{"C": 1000000.0, "N0": 1e-09, "PK": 0.7421565482293486, "f": 442861120.3562232, "CpuCycle": 10000000.0, "D": 500, "X": 1e-28, "B": 4000000.0, "gk": 0.0021685606504229095, "id": 17}
{"C": 1000000.0, "N0": 1e-09, "PK": 0.3671915994218239, "f": 393748249.3091893, "CpuCycle": 10000000.0, "D": 500, "X": 1e-28, "B": 4000000.0, "gk": 0.00110622405953856, "id": 18}
{"C": 1000000.0, "N0": 1e-09, "PK": 0.22039637869955558, "f": 421187393.8965118, "CpuCycle": 10000000.0, "D": 500, "X": 1e-28, "B": 4000000.0, "gk": 0.001896902142051609, "id": 19}
{"C": 1000000.0, "N0": 1e-09, "PK": 0.23280000647402269, "f": 499472440.83188474, "CpuCycle": 10000000.0, "D": 500, "X": 1e-28, "B": 4000000.0, "gk": 0.002279597950600126, "id": 20}
{"C": 1000000.0, "N0": 1e-09, "PK": 0.42722902920178485, "f": 303721778.1828795, "CpuCycle": 10000000.0, "D": 500, "X": 1e-28, "B": 4000000.0, "gk": 0.0019216832508225138, "id": 21}
{"C": 1000000.0, "N0": 1e-09, "PK": 0.6383096024943189, "f": 322578837.1652646, "CpuCycle": 10000000.0, "D": 500, "X": 1e-28, "B": 4000000.0, "gk": 0.0022420554633941396, "id": 22}
{"C": 1000000.0, "N0": 1e-09, "PK": 0.9466191102183898, "f": 482796781.9032572, "CpuCycle": 10000000.0, "D": 500, "X": 1e-28, "B": 4000000.0, "gk": 0.0015559817841288043, "id": 23}
{"C": 1000000.0, "N0": 1e-09, "PK": 0.3035465293048046, "f": 398314412.8413999, "CpuCycle": 10000000.0, "D": 500, "X": 1e-28, "B": 4000000.0, "gk": 0.0007107568919860654, "id": 24}
{"C": 1000000.0, "N0": 1e-09, "PK": 0.334495677373591, "f": 459766205.2991742, "CpuCycle": 10000000.0, "D": 500, "X": 1e-28, "B": 4000000.0, "gk": 0.0004409449224272188, "id": 25}
{"C": 1000000.0, "N0": 1e-09, "PK": 0.6382729592532901, "f": 495676947.7000208, "CpuCycle": 10000000.0, "D": 500, "X": 1e-28, "B": 4000000.0, "gk": 0.0004990466055662342, "id": 26}
{"C": 1000000.0, "N0": 1e-09, "PK": 0.7895892019168715, "f": 303129081.1626645, "CpuCycle": 10000000.0, "D": 500, "X": 1e-28, "B": 4000000.0, "gk": 0.0013252074604704848, "id": 27}
{"C": 1000000.0, "N0": 1e-09, "PK": 0.9994964148535475, "f": 332320808.1709036, "CpuCycle": 10000000.0, "D": 500, "X": 1e-28, "B": 4000000.0, "gk": 0.0008036422320733556, "id": 28}
{"C": 1000000.0, "N0": 1e-09, "PK": 0.3877700523661757, "f": 447648365.9885818, "CpuCycle": 10000000.0, "D": 500, "X": 1e-28, "B": 4000000.0, "gk": 0.0026813687311266605, "id": 29}
{"C": 1000000.0, "N0": 1e-09, "PK": 0.2695234392138094, "f": 314906077.55919456, "CpuCycle": 10000000.0, "D": 500, "X": 1e-28, "B": 4000000.0, "gk": 0.0009597771473185475, "id": 30}
{"C": 1000000.0, "N0": 1e-09, "PK": 0.7917262980216369, "f": 324553307.7272633, "CpuCycle": 10000000.0, "D": 500, "X": 1e-28, "B": 4000000.0, "gk": 0.0003264329883406687, "id": 31}
{"C": 1000000.0, "N0": 1e-09, "PK": 0.610782675140553, "f": 417549749.23510945, "CpuCycle": 10000000.0, "D": 500, "X": 1e-28, "B": 4000000.0, "gk": 0.0012805563211274154, "id": 32}
{"C": 1000000.0, "N0": 1e-09, "PK": 0.7020131134861936, "f": 434454638.5191688, "CpuCycle": 10000000.0, "D": 500, "X": 1e-28, "B": 4000000.0, "gk": 0.0004675068649210767, "id": 33}
{"C": 1000000.0, "N0": 1e-09, "PK": 0.9175122312151454, "f": 488833040.9211136, "CpuCycle": 10000000.0, "D": 500, "X": 1e-28, "B": 4000000.0, "gk": 0.0007273099540287428, "id": 34}
{"C": 1000000.0, "N0": 1e-09, "PK": 0.8235124850757065, "f": 300960431.1541915, "CpuCycle": 10000000.0, "D": 500, "X": 1e-28, "B": 4000000.0, "gk": 0.0012938532621794183, "id": 35}
{"C": 1000000.0, "N0": 1e-09, "PK": 0.6500548872267617, "f": 341124913.86482984, "CpuCycle": 10000000.0, "D": 500, "X": 1e-28, "B": 4000000.0, "gk": 0.0012536830403885187, "id": 36}
{"C": 1000000.0, "N0": 1e-09, "PK": 0.5129802839653208, "f": 316147454.5163797, "CpuCycle": 10000000.0, "D": 500, "X": 1e-28, "B": 4000000.0, "gk": 0.0012456009149889233, "id": 37}
{"C": 1000000.0, "N0": 1e-09, "PK": 0.7985911534002044, "f": 407092690.1242312, "CpuCycle": 10000000.0, "D": 500, "X": 1e-28, "B": 4000000.0, "gk": 0.0020049891306005525, "id": 38}
{"C": 1000000.0, "N0": 1e-09, "PK": 0.5847063856066589, "f": 453003113.288263, "CpuCycle": 10000000.0, "D": 500, "X": 1e-28, "B": 4000000.0, "gk": 0.00046106511433244675, "id": 39}
{"C": 1000000.0, "N0": 1e-09, "PK": 0.7044387529051865, "f": 460947822.4025847, "CpuCycle": 10000000.0, "D": 500, "X": 1e-28, "B": 4000000.0, "gk": 0.0014982367886718195, "id": 40}
{"C": 1000000.0, "N0": 1e-09, "PK": 0.8754552457738773, "f": 455745256.9207381, "CpuCycle": 10000000.0, "D": 500, "X": 1e-28, "B": 4000000.0, "gk": 0.0019224552011482142, "id": 41}
{"C": 1000000.0, "N0": 1e-09, "PK": 0.4812862254238745, "f": 441418019.1740631, "CpuCycle": 10000000.0, "D": 500, "X": 1e-28, "B": 4000000.0, "gk": 0.0016513619639037533, "id": 42}
{"C": 1000000.0, "N0": 1e-09, "PK": 0.8332368763703846, "f": 499323494.1215995, "CpuCycle": 10000000.0, "D": 500, "X": 1e-28, "B": 4000000.0, "gk": 0.0008582509303527956, "id": 43}
{"C": 1000000.0, "N0": 1e-09,